"Date/Time", "Heart Rate (bpm)"
"May 25, 2026 at 17:53:50", 76
"May 25, 2026 at 17:53:51", 76
"May 25, 2026 at 17:53:52", 76
"May 25, 2026 at 17:53:53", 76
"May 25, 2026 at 17:53:54", 78
"May 25, 2026 at 17:53:55", 78
"May 25, 2026 at 17:53:56", 78
"May 25, 2026 at 17:53:57", 78
"May 25, 2026 at 17:53:58", 78
"May 25, 2026 at 17:53:59", 80
"May 25, 2026 at 17:54:00", 80
"May 25, 2026 at 17:54:01", 82
"May 25, 2026 at 17:54:02", 82
"May 25, 2026 at 17:54:03", 84
"May 25, 2026 at 17:54:04", 84
"May 25, 2026 at 17:54:05", 86
"May 25, 2026 at 17:54:06", 87
"May 25, 2026 at 17:54:07", 87
"May 25, 2026 at 17:54:08", 87
"May 25, 2026 at 17:54:09", 88
"May 25, 2026 at 17:54:10", 88
"May 25, 2026 at 17:54:11", 88
"May 25, 2026 at 17:54:12", 87
"May 25, 2026 at 17:54:13", 87
"May 25, 2026 at 17:54:14", 85
"May 25, 2026 at 17:54:15", 85
"May 25, 2026 at 17:54:16", 85
"May 25, 2026 at 17:54:17", 84
"May 25, 2026 at 17:54:18", 84
"May 25, 2026 at 17:54:19", 84
"May 25, 2026 at 17:54:20", 85
"May 25, 2026 at 17:54:21", 86
"May 25, 2026 at 17:54:22", 86
"May 25, 2026 at 17:54:23", 87
"May 25, 2026 at 17:54:24", 89
"May 25, 2026 at 17:54:25", 91
"May 25, 2026 at 17:54:26", 93
"May 25, 2026 at 17:54:27", 93
"May 25, 2026 at 17:54:28", 94
"May 25, 2026 at 17:54:29", 94
"May 25, 2026 at 17:54:30", 95
"May 25, 2026 at 17:54:31", 96
"May 25, 2026 at 17:54:32", 96
"May 25, 2026 at 17:54:33", 97
"May 25, 2026 at 17:54:34", 96
"May 25, 2026 at 17:54:35", 95
"May 25, 2026 at 17:54:36", 95
"May 25, 2026 at 17:54:37", 94
"May 25, 2026 at 17:54:38", 95
"May 25, 2026 at 17:54:39", 95
"May 25, 2026 at 17:54:40", 95
"May 25, 2026 at 17:54:41", 95
"May 25, 2026 at 17:54:42", 95
"May 25, 2026 at 17:54:43", 95
"May 25, 2026 at 17:54:44", 95
"May 25, 2026 at 17:54:45", 95
"May 25, 2026 at 17:54:46", 94
"May 25, 2026 at 17:54:47", 94
"May 25, 2026 at 17:54:48", 94
"May 25, 2026 at 17:54:49", 93
"May 25, 2026 at 17:54:50", 93
"May 25, 2026 at 17:54:51", 93
"May 25, 2026 at 17:54:52", 93
"May 25, 2026 at 17:54:53", 93
"May 25, 2026 at 17:54:54", 93
"May 25, 2026 at 17:54:55", 94
"May 25, 2026 at 17:54:56", 95
"May 25, 2026 at 17:54:57", 95
"May 25, 2026 at 17:54:58", 95
"May 25, 2026 at 17:54:59", 95
"May 25, 2026 at 17:55:00", 96
"May 25, 2026 at 17:55:01", 96
"May 25, 2026 at 17:55:02", 96
"May 25, 2026 at 17:55:03", 95
"May 25, 2026 at 17:55:04", 95
"May 25, 2026 at 17:55:05", 95
"May 25, 2026 at 17:55:06", 96
"May 25, 2026 at 17:55:07", 96
"May 25, 2026 at 17:55:08", 96
"May 25, 2026 at 17:55:09", 95
"May 25, 2026 at 17:55:10", 96
"May 25, 2026 at 17:55:11", 94
"May 25, 2026 at 17:55:12", 94
"May 25, 2026 at 17:55:13", 94
"May 25, 2026 at 17:55:14", 93
"May 25, 2026 at 17:55:15", 94
"May 25, 2026 at 17:55:16", 95
"May 25, 2026 at 17:55:17", 95
"May 25, 2026 at 17:55:18", 94
"May 25, 2026 at 17:55:19", 94
"May 25, 2026 at 17:55:20", 95
"May 25, 2026 at 17:55:21", 95
"May 25, 2026 at 17:55:22", 94
"May 25, 2026 at 17:55:23", 94
"May 25, 2026 at 17:55:24", 93
"May 25, 2026 at 17:55:25", 93
"May 25, 2026 at 17:55:26", 91
"May 25, 2026 at 17:55:27", 89
"May 25, 2026 at 17:55:28", 89
"May 25, 2026 at 17:55:29", 89
"May 25, 2026 at 17:55:30", 88
"May 25, 2026 at 17:55:31", 88
"May 25, 2026 at 17:55:32", 88
"May 25, 2026 at 17:55:33", 88
"May 25, 2026 at 17:55:34", 87
"May 25, 2026 at 17:55:35", 87
"May 25, 2026 at 17:55:36", 88
"May 25, 2026 at 17:55:37", 88
"May 25, 2026 at 17:55:38", 88
"May 25, 2026 at 17:55:39", 88
"May 25, 2026 at 17:55:40", 90
"May 25, 2026 at 17:55:41", 91
"May 25, 2026 at 17:55:42", 91
"May 25, 2026 at 17:55:43", 91
"May 25, 2026 at 17:55:44", 91
"May 25, 2026 at 17:55:45", 90
"May 25, 2026 at 17:55:46", 90
"May 25, 2026 at 17:55:47", 90
"May 25, 2026 at 17:55:48", 90
"May 25, 2026 at 17:55:49", 90
"May 25, 2026 at 17:55:50", 90
"May 25, 2026 at 17:55:51", 90
"May 25, 2026 at 17:55:52", 91
"May 25, 2026 at 17:55:53", 90
"May 25, 2026 at 17:55:54", 90
"May 25, 2026 at 17:55:55", 90
"May 25, 2026 at 17:55:56", 91
"May 25, 2026 at 17:55:57", 92
"May 25, 2026 at 17:55:58", 92
"May 25, 2026 at 17:55:59", 93
"May 25, 2026 at 17:56:00", 93
"May 25, 2026 at 17:56:01", 93
"May 25, 2026 at 17:56:02", 92
"May 25, 2026 at 17:56:03", 92
"May 25, 2026 at 17:56:04", 93
"May 25, 2026 at 17:56:05", 94
"May 25, 2026 at 17:56:06", 94
"May 25, 2026 at 17:56:07", 93
"May 25, 2026 at 17:56:08", 93
"May 25, 2026 at 17:56:09", 92
"May 25, 2026 at 17:56:10", 91
"May 25, 2026 at 17:56:11", 91
"May 25, 2026 at 17:56:12", 91
"May 25, 2026 at 17:56:13", 92
"May 25, 2026 at 17:56:14", 92
"May 25, 2026 at 17:56:15", 92
"May 25, 2026 at 17:56:16", 91
"May 25, 2026 at 17:56:17", 90
"May 25, 2026 at 17:56:18", 90
"May 25, 2026 at 17:56:19", 90
"May 25, 2026 at 17:56:20", 90
"May 25, 2026 at 17:56:21", 90
"May 25, 2026 at 17:56:22", 92
"May 25, 2026 at 17:56:23", 92
"May 25, 2026 at 17:56:24", 92
"May 25, 2026 at 17:56:25", 92
"May 25, 2026 at 17:56:26", 91
"May 25, 2026 at 17:56:27", 91
"May 25, 2026 at 17:56:28", 91
"May 25, 2026 at 17:56:29", 91
"May 25, 2026 at 17:56:30", 91
"May 25, 2026 at 17:56:31", 91
"May 25, 2026 at 17:56:32", 91
"May 25, 2026 at 17:56:33", 91
"May 25, 2026 at 17:56:34", 91
"May 25, 2026 at 17:56:35", 91
"May 25, 2026 at 17:56:36", 92
"May 25, 2026 at 17:56:37", 92
"May 25, 2026 at 17:56:38", 92
"May 25, 2026 at 17:56:39", 93
"May 25, 2026 at 17:56:40", 94
"May 25, 2026 at 17:56:41", 94
"May 25, 2026 at 17:56:42", 94
"May 25, 2026 at 17:56:43", 94
"May 25, 2026 at 17:56:44", 95
"May 25, 2026 at 17:56:45", 95
"May 25, 2026 at 17:56:46", 96
"May 25, 2026 at 17:56:47", 96
"May 25, 2026 at 17:56:48", 97
"May 25, 2026 at 17:56:49", 97
"May 25, 2026 at 17:56:50", 98
"May 25, 2026 at 17:56:51", 98
"May 25, 2026 at 17:56:52", 98
"May 25, 2026 at 17:56:53", 98
"May 25, 2026 at 17:56:54", 98
"May 25, 2026 at 17:56:55", 97
"May 25, 2026 at 17:56:56", 97
"May 25, 2026 at 17:56:57", 97
"May 25, 2026 at 17:56:58", 97
"May 25, 2026 at 17:56:59", 98
"May 25, 2026 at 17:57:00", 99
"May 25, 2026 at 17:57:01", 100
"May 25, 2026 at 17:57:02", 101
"May 25, 2026 at 17:57:03", 101
"May 25, 2026 at 17:57:04", 102
"May 25, 2026 at 17:57:05", 102
"May 25, 2026 at 17:57:06", 102
"May 25, 2026 at 17:57:07", 102
"May 25, 2026 at 17:57:08", 101
"May 25, 2026 at 17:57:09", 101
"May 25, 2026 at 17:57:10", 101
"May 25, 2026 at 17:57:11", 100
"May 25, 2026 at 17:57:12", 100
"May 25, 2026 at 17:57:13", 100
"May 25, 2026 at 17:57:14", 100
"May 25, 2026 at 17:57:15", 100
"May 25, 2026 at 17:57:16", 101
"May 25, 2026 at 17:57:17", 101
"May 25, 2026 at 17:57:19", 101
"May 25, 2026 at 17:57:19", 102
"May 25, 2026 at 17:57:20", 102
"May 25, 2026 at 17:57:21", 103
"May 25, 2026 at 17:57:22", 104
"May 25, 2026 at 17:57:23", 104
"May 25, 2026 at 17:57:24", 104
"May 25, 2026 at 17:57:25", 104
"May 25, 2026 at 17:57:26", 104
"May 25, 2026 at 17:57:27", 103
"May 25, 2026 at 17:57:28", 104
"May 25, 2026 at 17:57:29", 104
"May 25, 2026 at 17:57:30", 104
"May 25, 2026 at 17:57:31", 105
"May 25, 2026 at 17:57:32", 105
"May 25, 2026 at 17:57:33", 105
"May 25, 2026 at 17:57:34", 104
"May 25, 2026 at 17:57:35", 104
"May 25, 2026 at 17:57:36", 104
"May 25, 2026 at 17:57:37", 102
"May 25, 2026 at 17:57:38", 102
"May 25, 2026 at 17:57:39", 100
"May 25, 2026 at 17:57:40", 97
"May 25, 2026 at 17:57:41", 96
"May 25, 2026 at 17:57:42", 96
"May 25, 2026 at 17:57:43", 96
"May 25, 2026 at 17:57:44", 94
"May 25, 2026 at 17:57:45", 93
"May 25, 2026 at 17:57:46", 92
"May 25, 2026 at 17:57:47", 93
"May 25, 2026 at 17:57:48", 95
"May 25, 2026 at 17:57:49", 95
"May 25, 2026 at 17:57:50", 96
"May 25, 2026 at 17:57:51", 96
"May 25, 2026 at 17:57:52", 95
"May 25, 2026 at 17:57:53", 96
"May 25, 2026 at 17:57:54", 96
"May 25, 2026 at 17:57:55", 96
"May 25, 2026 at 17:57:56", 96
"May 25, 2026 at 17:57:57", 95
"May 25, 2026 at 17:57:58", 96
"May 25, 2026 at 17:57:59", 96
"May 25, 2026 at 17:58:00", 96
"May 25, 2026 at 17:58:01", 96
"May 25, 2026 at 17:58:02", 95
"May 25, 2026 at 17:58:03", 95
"May 25, 2026 at 17:58:04", 96
"May 25, 2026 at 17:58:06", 97
"May 25, 2026 at 17:58:06", 97
"May 25, 2026 at 17:58:07", 97
"May 25, 2026 at 17:58:08", 98
"May 25, 2026 at 17:58:09", 98
"May 25, 2026 at 17:58:10", 97
"May 25, 2026 at 17:58:11", 97
"May 25, 2026 at 17:58:12", 96
"May 25, 2026 at 17:58:13", 96
"May 25, 2026 at 17:58:14", 96
"May 25, 2026 at 17:58:15", 94
"May 25, 2026 at 17:58:16", 94
"May 25, 2026 at 17:58:17", 95
"May 25, 2026 at 17:58:18", 95
"May 25, 2026 at 17:58:19", 95
"May 25, 2026 at 17:58:20", 94
"May 25, 2026 at 17:58:21", 95
"May 25, 2026 at 17:58:22", 96
"May 25, 2026 at 17:58:23", 95
"May 25, 2026 at 17:58:24", 95
"May 25, 2026 at 17:58:25", 95
"May 25, 2026 at 17:58:26", 95
"May 25, 2026 at 17:58:27", 94
"May 25, 2026 at 17:58:29", 94
"May 25, 2026 at 17:58:29", 93
"May 25, 2026 at 17:58:30", 93
"May 25, 2026 at 17:58:31", 93
"May 25, 2026 at 17:58:32", 92
"May 25, 2026 at 17:58:33", 92
"May 25, 2026 at 17:58:35", 92
"May 25, 2026 at 17:58:35", 92
"May 25, 2026 at 17:58:36", 92
"May 25, 2026 at 17:58:37", 92
"May 25, 2026 at 17:58:38", 93
"May 25, 2026 at 17:58:39", 93
"May 25, 2026 at 17:58:41", 94
"May 25, 2026 at 17:58:41", 93
"May 25, 2026 at 17:58:42", 91
"May 25, 2026 at 17:58:43", 91
"May 25, 2026 at 17:58:44", 91
"May 25, 2026 at 17:58:45", 90
"May 25, 2026 at 17:58:47", 90
"May 25, 2026 at 17:58:47", 90
"May 25, 2026 at 17:58:48", 89
"May 25, 2026 at 17:58:49", 89
"May 25, 2026 at 17:58:50", 89
"May 25, 2026 at 17:58:51", 89
"May 25, 2026 at 17:58:53", 91
"May 25, 2026 at 17:58:53", 93
"May 25, 2026 at 17:58:54", 93
"May 25, 2026 at 17:58:55", 93
"May 25, 2026 at 17:58:56", 93
"May 25, 2026 at 17:58:57", 93
"May 25, 2026 at 17:58:59", 93
"May 25, 2026 at 17:58:59", 93
"May 25, 2026 at 17:59:00", 93
"May 25, 2026 at 17:59:01", 93
"May 25, 2026 at 17:59:02", 93
"May 25, 2026 at 17:59:03", 94
"May 25, 2026 at 17:59:05", 95
"May 25, 2026 at 17:59:05", 98
"May 25, 2026 at 17:59:06", 98
"May 25, 2026 at 17:59:07", 99
"May 25, 2026 at 17:59:08", 99
"May 25, 2026 at 17:59:10", 99
"May 25, 2026 at 17:59:11", 99
"May 25, 2026 at 17:59:11", 97
"May 25, 2026 at 17:59:12", 96
"May 25, 2026 at 17:59:13", 96
"May 25, 2026 at 17:59:14", 94
"May 25, 2026 at 17:59:16", 94
"May 25, 2026 at 17:59:17", 93
"May 25, 2026 at 17:59:17", 93
"May 25, 2026 at 17:59:18", 94
"May 25, 2026 at 17:59:19", 94
"May 25, 2026 at 17:59:20", 94
"May 25, 2026 at 17:59:22", 94
"May 25, 2026 at 17:59:23", 94
"May 25, 2026 at 17:59:23", 94
"May 25, 2026 at 17:59:24", 95
"May 25, 2026 at 17:59:25", 93
"May 25, 2026 at 17:59:26", 93
"May 25, 2026 at 17:59:28", 93
"May 25, 2026 at 17:59:29", 93
"May 25, 2026 at 17:59:29", 92
"May 25, 2026 at 17:59:30", 92
"May 25, 2026 at 17:59:31", 93
"May 25, 2026 at 17:59:32", 94
"May 25, 2026 at 17:59:34", 96
"May 25, 2026 at 17:59:35", 98
"May 25, 2026 at 17:59:35", 98
"May 25, 2026 at 17:59:36", 98
"May 25, 2026 at 17:59:37", 99
"May 25, 2026 at 17:59:38", 100
"May 25, 2026 at 17:59:40", 102
"May 25, 2026 at 17:59:41", 104
"May 25, 2026 at 17:59:41", 107
"May 25, 2026 at 17:59:42", 110
"May 25, 2026 at 17:59:43", 112
"May 25, 2026 at 17:59:44", 113
"May 25, 2026 at 17:59:46", 113
"May 25, 2026 at 17:59:47", 112
"May 25, 2026 at 17:59:47", 108
"May 25, 2026 at 17:59:48", 108
"May 25, 2026 at 17:59:49", 108
"May 25, 2026 at 17:59:51", 105
"May 25, 2026 at 17:59:52", 105
"May 25, 2026 at 17:59:53", 105
"May 25, 2026 at 17:59:53", 105
"May 25, 2026 at 17:59:54", 105
"May 25, 2026 at 17:59:55", 105
"May 25, 2026 at 17:59:57", 103
"May 25, 2026 at 17:59:58", 100
"May 25, 2026 at 17:59:59", 97
"May 25, 2026 at 17:59:59", 97
"May 25, 2026 at 18:00:00", 95
"May 25, 2026 at 18:00:01", 94
"May 25, 2026 at 18:00:03", 95
"May 25, 2026 at 18:00:04", 98
"May 25, 2026 at 18:00:05", 102
"May 25, 2026 at 18:00:05", 102
"May 25, 2026 at 18:00:06", 102
"May 25, 2026 at 18:00:07", 105
"May 25, 2026 at 18:00:09", 105
"May 25, 2026 at 18:00:10", 106
"May 25, 2026 at 18:00:11", 107
"May 25, 2026 at 18:00:11", 107
"May 25, 2026 at 18:00:12", 107
"May 25, 2026 at 18:00:13", 106
"May 25, 2026 at 18:00:15", 104
"May 25, 2026 at 18:00:16", 103
"May 25, 2026 at 18:00:17", 102
"May 25, 2026 at 18:00:17", 101
"May 25, 2026 at 18:00:18", 101
"May 25, 2026 at 18:00:19", 100
"May 25, 2026 at 18:00:21", 99
"May 25, 2026 at 18:00:22", 99
"May 25, 2026 at 18:00:23", 98
"May 25, 2026 at 18:00:24", 100
"May 25, 2026 at 18:00:24", 100
"May 25, 2026 at 18:00:25", 99
"May 25, 2026 at 18:00:27", 100
"May 25, 2026 at 18:00:28", 99
"May 25, 2026 at 18:00:29", 100
"May 25, 2026 at 18:00:29", 100
"May 25, 2026 at 18:00:30", 102
"May 25, 2026 at 18:00:31", 103
"May 25, 2026 at 18:00:33", 103
"May 25, 2026 at 18:00:34", 103
"May 25, 2026 at 18:00:35", 103
"May 25, 2026 at 18:00:35", 103
"May 25, 2026 at 18:00:36", 102
"May 25, 2026 at 18:00:38", 102
"May 25, 2026 at 18:00:39", 101
"May 25, 2026 at 18:00:40", 100
"May 25, 2026 at 18:00:41", 99
"May 25, 2026 at 18:00:41", 98
"May 25, 2026 at 18:00:42", 98
"May 25, 2026 at 18:00:44", 98
"May 25, 2026 at 18:00:45", 98
"May 25, 2026 at 18:00:46", 98
"May 25, 2026 at 18:00:47", 98
"May 25, 2026 at 18:00:47", 99
"May 25, 2026 at 18:00:48", 100
"May 25, 2026 at 18:00:50", 100
"May 25, 2026 at 18:00:51", 101
"May 25, 2026 at 18:00:52", 102
"May 25, 2026 at 18:00:53", 102
"May 25, 2026 at 18:00:53", 102
"May 25, 2026 at 18:00:54", 102
"May 25, 2026 at 18:00:56", 104
"May 25, 2026 at 18:00:57", 104
"May 25, 2026 at 18:00:58", 104
"May 25, 2026 at 18:00:59", 103
"May 25, 2026 at 18:00:59", 103
"May 25, 2026 at 18:01:00", 103
"May 25, 2026 at 18:01:02", 103
"May 25, 2026 at 18:01:03", 102
"May 25, 2026 at 18:01:04", 102
"May 25, 2026 at 18:01:05", 102
"May 25, 2026 at 18:01:05", 104
"May 25, 2026 at 18:01:06", 105
"May 25, 2026 at 18:01:08", 105
"May 25, 2026 at 18:01:09", 107
"May 25, 2026 at 18:01:10", 109
"May 25, 2026 at 18:01:11", 110
"May 25, 2026 at 18:01:11", 110
"May 25, 2026 at 18:01:12", 110
"May 25, 2026 at 18:01:14", 110
"May 25, 2026 at 18:01:15", 109
"May 25, 2026 at 18:01:16", 109
"May 25, 2026 at 18:01:17", 108
"May 25, 2026 at 18:01:17", 108
"May 25, 2026 at 18:01:18", 109
"May 25, 2026 at 18:01:20", 109
"May 25, 2026 at 18:01:21", 109
"May 25, 2026 at 18:01:22", 109
"May 25, 2026 at 18:01:23", 110
"May 25, 2026 at 18:01:23", 110
"May 25, 2026 at 18:01:25", 108
"May 25, 2026 at 18:01:26", 106
"May 25, 2026 at 18:01:27", 104
"May 25, 2026 at 18:01:28", 104
"May 25, 2026 at 18:01:29", 103
"May 25, 2026 at 18:01:29", 101
"May 25, 2026 at 18:01:31", 101
"May 25, 2026 at 18:01:32", 101
"May 25, 2026 at 18:01:33", 101
"May 25, 2026 at 18:01:34", 100
"May 25, 2026 at 18:01:35", 100
"May 25, 2026 at 18:01:35", 100
"May 25, 2026 at 18:01:37", 100
"May 25, 2026 at 18:01:38", 100
"May 25, 2026 at 18:01:39", 100
"May 25, 2026 at 18:01:40", 100
"May 25, 2026 at 18:01:41", 100
"May 25, 2026 at 18:01:41", 99
"May 25, 2026 at 18:01:43", 99
"May 25, 2026 at 18:01:44", 99
"May 25, 2026 at 18:01:45", 99
"May 25, 2026 at 18:01:46", 98
"May 25, 2026 at 18:01:47", 98
"May 25, 2026 at 18:01:47", 99
"May 25, 2026 at 18:01:49", 99
"May 25, 2026 at 18:01:50", 99
"May 25, 2026 at 18:01:51", 98
"May 25, 2026 at 18:01:52", 96
"May 25, 2026 at 18:01:53", 96
"May 25, 2026 at 18:01:53", 94
"May 25, 2026 at 18:01:55", 94
"May 25, 2026 at 18:01:56", 95
"May 25, 2026 at 18:01:57", 94
"May 25, 2026 at 18:01:58", 94
"May 25, 2026 at 18:01:59", 94
"May 25, 2026 at 18:01:59", 95
"May 25, 2026 at 18:02:01", 97
"May 25, 2026 at 18:02:02", 98
"May 25, 2026 at 18:02:03", 98
"May 25, 2026 at 18:02:04", 99
"May 25, 2026 at 18:02:05", 100
"May 25, 2026 at 18:02:05", 100
"May 25, 2026 at 18:02:07", 101
"May 25, 2026 at 18:02:08", 100
"May 25, 2026 at 18:02:09", 100
"May 25, 2026 at 18:02:10", 100
"May 25, 2026 at 18:02:11", 99
"May 25, 2026 at 18:02:12", 98
"May 25, 2026 at 18:02:13", 98
"May 25, 2026 at 18:02:14", 97
"May 25, 2026 at 18:02:15", 95
"May 25, 2026 at 18:02:16", 94
"May 25, 2026 at 18:02:17", 93
"May 25, 2026 at 18:02:18", 93
"May 25, 2026 at 18:02:19", 93
"May 25, 2026 at 18:02:20", 94
"May 25, 2026 at 18:02:21", 94
"May 25, 2026 at 18:02:22", 95
"May 25, 2026 at 18:02:23", 95
"May 25, 2026 at 18:02:24", 97
"May 25, 2026 at 18:02:25", 97
"May 25, 2026 at 18:02:26", 97
"May 25, 2026 at 18:02:27", 97
"May 25, 2026 at 18:02:28", 97
"May 25, 2026 at 18:02:29", 96
"May 25, 2026 at 18:02:30", 97
"May 25, 2026 at 18:02:31", 97
"May 25, 2026 at 18:02:32", 97
"May 25, 2026 at 18:02:33", 96
"May 25, 2026 at 18:02:34", 94
"May 25, 2026 at 18:02:35", 94
"May 25, 2026 at 18:02:36", 94
"May 25, 2026 at 18:02:37", 92
"May 25, 2026 at 18:02:38", 92
"May 25, 2026 at 18:02:39", 93
"May 25, 2026 at 18:02:40", 95
"May 25, 2026 at 18:02:41", 95
"May 25, 2026 at 18:02:42", 94
"May 25, 2026 at 18:02:43", 94
"May 25, 2026 at 18:02:44", 94
"May 25, 2026 at 18:02:45", 93
"May 25, 2026 at 18:02:46", 93
"May 25, 2026 at 18:02:47", 93
"May 25, 2026 at 18:02:48", 93
"May 25, 2026 at 18:02:49", 93
"May 25, 2026 at 18:02:50", 93
"May 25, 2026 at 18:02:51", 94
"May 25, 2026 at 18:02:52", 94
"May 25, 2026 at 18:02:53", 94
"May 25, 2026 at 18:02:54", 94
"May 25, 2026 at 18:02:55", 92
"May 25, 2026 at 18:02:56", 92
"May 25, 2026 at 18:02:57", 92
"May 25, 2026 at 18:02:58", 90
"May 25, 2026 at 18:02:59", 90
"May 25, 2026 at 18:03:00", 89
"May 25, 2026 at 18:03:01", 89
"May 25, 2026 at 18:03:02", 89
"May 25, 2026 at 18:03:03", 90
"May 25, 2026 at 18:03:04", 91
"May 25, 2026 at 18:03:05", 91
"May 25, 2026 at 18:03:06", 92
"May 25, 2026 at 18:03:07", 90
"May 25, 2026 at 18:03:08", 90
"May 25, 2026 at 18:03:09", 92
"May 25, 2026 at 18:03:10", 92
"May 25, 2026 at 18:03:11", 92
"May 25, 2026 at 18:03:12", 93
"May 25, 2026 at 18:03:13", 94
"May 25, 2026 at 18:03:14", 94
"May 25, 2026 at 18:03:15", 94
"May 25, 2026 at 18:03:16", 93
"May 25, 2026 at 18:03:17", 92
"May 25, 2026 at 18:03:18", 92
"May 25, 2026 at 18:03:19", 92
"May 25, 2026 at 18:03:20", 92
"May 25, 2026 at 18:03:21", 92
"May 25, 2026 at 18:03:22", 93
"May 25, 2026 at 18:03:23", 94
"May 25, 2026 at 18:03:24", 94
"May 25, 2026 at 18:03:25", 94
"May 25, 2026 at 18:03:26", 94
"May 25, 2026 at 18:03:27", 95
"May 25, 2026 at 18:03:28", 95
"May 25, 2026 at 18:03:29", 95
"May 25, 2026 at 18:03:30", 95
"May 25, 2026 at 18:03:31", 96
"May 25, 2026 at 18:03:32", 96
"May 25, 2026 at 18:03:33", 96
"May 25, 2026 at 18:03:34", 96
"May 25, 2026 at 18:03:35", 97
"May 25, 2026 at 18:03:36", 97
"May 25, 2026 at 18:03:37", 97
"May 25, 2026 at 18:03:38", 97
"May 25, 2026 at 18:03:39", 97
"May 25, 2026 at 18:03:40", 97
"May 25, 2026 at 18:03:41", 98
"May 25, 2026 at 18:03:42", 98
"May 25, 2026 at 18:03:43", 98
"May 25, 2026 at 18:03:44", 98
"May 25, 2026 at 18:03:45", 98
"May 25, 2026 at 18:03:46", 99
"May 25, 2026 at 18:03:47", 100
"May 25, 2026 at 18:03:48", 100
"May 25, 2026 at 18:03:49", 100
"May 25, 2026 at 18:03:50", 99
"May 25, 2026 at 18:03:51", 98
"May 25, 2026 at 18:03:52", 98
"May 25, 2026 at 18:03:53", 96
"May 25, 2026 at 18:03:54", 96
"May 25, 2026 at 18:03:55", 96
"May 25, 2026 at 18:03:56", 96
"May 25, 2026 at 18:03:57", 96
"May 25, 2026 at 18:03:58", 98
"May 25, 2026 at 18:03:59", 98
"May 25, 2026 at 18:04:00", 100
"May 25, 2026 at 18:04:01", 102
"May 25, 2026 at 18:04:02", 103
"May 25, 2026 at 18:04:03", 104
"May 25, 2026 at 18:04:04", 104
"May 25, 2026 at 18:04:05", 103
"May 25, 2026 at 18:04:06", 103
"May 25, 2026 at 18:04:07", 101
"May 25, 2026 at 18:04:08", 100
"May 25, 2026 at 18:04:09", 100
"May 25, 2026 at 18:04:10", 99
"May 25, 2026 at 18:04:11", 99
"May 25, 2026 at 18:04:12", 99
"May 25, 2026 at 18:04:13", 99
"May 25, 2026 at 18:04:14", 98
"May 25, 2026 at 18:04:15", 97
"May 25, 2026 at 18:04:16", 97
"May 25, 2026 at 18:04:17", 96
"May 25, 2026 at 18:04:18", 96
"May 25, 2026 at 18:04:19", 96
"May 25, 2026 at 18:04:20", 96
"May 25, 2026 at 18:04:21", 95
"May 25, 2026 at 18:04:22", 96
"May 25, 2026 at 18:04:23", 96
"May 25, 2026 at 18:04:24", 96
"May 25, 2026 at 18:04:25", 96
"May 25, 2026 at 18:04:26", 97
"May 25, 2026 at 18:04:27", 99
"May 25, 2026 at 18:04:28", 102
"May 25, 2026 at 18:04:29", 104
"May 25, 2026 at 18:04:30", 104
"May 25, 2026 at 18:04:31", 105
"May 25, 2026 at 18:04:32", 107
"May 25, 2026 at 18:04:33", 110
"May 25, 2026 at 18:04:34", 112
"May 25, 2026 at 18:04:35", 113
"May 25, 2026 at 18:04:36", 114
"May 25, 2026 at 18:04:37", 115
"May 25, 2026 at 18:04:38", 116
"May 25, 2026 at 18:04:39", 116
"May 25, 2026 at 18:04:40", 117
"May 25, 2026 at 18:04:41", 117
"May 25, 2026 at 18:04:42", 116
"May 25, 2026 at 18:04:43", 116
"May 25, 2026 at 18:04:44", 116
"May 25, 2026 at 18:04:45", 114
"May 25, 2026 at 18:04:46", 113
"May 25, 2026 at 18:04:47", 112
"May 25, 2026 at 18:04:48", 111
"May 25, 2026 at 18:04:49", 111
"May 25, 2026 at 18:04:50", 110
"May 25, 2026 at 18:04:51", 109
"May 25, 2026 at 18:04:52", 108
"May 25, 2026 at 18:04:53", 107
"May 25, 2026 at 18:04:54", 107
"May 25, 2026 at 18:04:55", 106
"May 25, 2026 at 18:04:56", 105
"May 25, 2026 at 18:04:57", 105
"May 25, 2026 at 18:04:58", 106
"May 25, 2026 at 18:04:59", 106
"May 25, 2026 at 18:05:00", 106
"May 25, 2026 at 18:05:01", 106
"May 25, 2026 at 18:05:02", 107
"May 25, 2026 at 18:05:03", 107
"May 25, 2026 at 18:05:04", 107
"May 25, 2026 at 18:05:05", 107
"May 25, 2026 at 18:05:06", 105
"May 25, 2026 at 18:05:07", 104
"May 25, 2026 at 18:05:08", 103
"May 25, 2026 at 18:05:09", 102
"May 25, 2026 at 18:05:10", 102
"May 25, 2026 at 18:05:11", 102
"May 25, 2026 at 18:05:12", 103
"May 25, 2026 at 18:05:13", 104
"May 25, 2026 at 18:05:14", 105
"May 25, 2026 at 18:05:15", 105
"May 25, 2026 at 18:05:16", 106
"May 25, 2026 at 18:05:17", 107
"May 25, 2026 at 18:05:18", 107
"May 25, 2026 at 18:05:19", 107
"May 25, 2026 at 18:05:20", 107
"May 25, 2026 at 18:05:21", 107
"May 25, 2026 at 18:05:22", 108
"May 25, 2026 at 18:05:23", 108
"May 25, 2026 at 18:05:24", 108
"May 25, 2026 at 18:05:25", 108
"May 25, 2026 at 18:05:26", 107
"May 25, 2026 at 18:05:27", 106
"May 25, 2026 at 18:05:28", 104
"May 25, 2026 at 18:05:29", 103
"May 25, 2026 at 18:05:30", 104
"May 25, 2026 at 18:05:31", 104
"May 25, 2026 at 18:05:32", 105
"May 25, 2026 at 18:05:33", 105
"May 25, 2026 at 18:05:34", 104
"May 25, 2026 at 18:05:35", 103
"May 25, 2026 at 18:05:36", 103
"May 25, 2026 at 18:05:37", 103
"May 25, 2026 at 18:05:38", 104
"May 25, 2026 at 18:05:39", 105
"May 25, 2026 at 18:05:40", 105
"May 25, 2026 at 18:05:41", 105
"May 25, 2026 at 18:05:42", 105
"May 25, 2026 at 18:05:43", 107
"May 25, 2026 at 18:05:44", 108
"May 25, 2026 at 18:05:45", 108
"May 25, 2026 at 18:05:46", 107
"May 25, 2026 at 18:05:47", 107
"May 25, 2026 at 18:05:48", 107
"May 25, 2026 at 18:05:49", 107
"May 25, 2026 at 18:05:50", 107
"May 25, 2026 at 18:05:51", 107
"May 25, 2026 at 18:05:52", 108
"May 25, 2026 at 18:05:53", 108
"May 25, 2026 at 18:05:54", 108
"May 25, 2026 at 18:05:55", 108
"May 25, 2026 at 18:05:56", 108
"May 25, 2026 at 18:05:57", 108
"May 25, 2026 at 18:05:58", 108
"May 25, 2026 at 18:05:59", 108
"May 25, 2026 at 18:06:00", 109
"May 25, 2026 at 18:06:01", 109
"May 25, 2026 at 18:06:02", 109
"May 25, 2026 at 18:06:03", 108
"May 25, 2026 at 18:06:04", 108
"May 25, 2026 at 18:06:05", 108
"May 25, 2026 at 18:06:06", 106
"May 25, 2026 at 18:06:07", 106
"May 25, 2026 at 18:06:08", 105
"May 25, 2026 at 18:06:09", 105
"May 25, 2026 at 18:06:10", 105
"May 25, 2026 at 18:06:11", 105
"May 25, 2026 at 18:06:12", 106
"May 25, 2026 at 18:06:13", 105
"May 25, 2026 at 18:06:14", 107
"May 25, 2026 at 18:06:15", 107
"May 25, 2026 at 18:06:16", 106
"May 25, 2026 at 18:06:17", 106
"May 25, 2026 at 18:06:18", 104
"May 25, 2026 at 18:06:19", 102
"May 25, 2026 at 18:06:20", 100
"May 25, 2026 at 18:06:21", 100
"May 25, 2026 at 18:06:22", 100
"May 25, 2026 at 18:06:23", 100
"May 25, 2026 at 18:06:24", 100
"May 25, 2026 at 18:06:25", 100
"May 25, 2026 at 18:06:26", 102
"May 25, 2026 at 18:06:27", 103
"May 25, 2026 at 18:06:28", 104
"May 25, 2026 at 18:06:29", 104
"May 25, 2026 at 18:06:30", 105
"May 25, 2026 at 18:06:31", 104
"May 25, 2026 at 18:06:32", 106
"May 25, 2026 at 18:06:33", 106
"May 25, 2026 at 18:06:34", 106
"May 25, 2026 at 18:06:35", 106
"May 25, 2026 at 18:06:36", 105
"May 25, 2026 at 18:06:37", 105
"May 25, 2026 at 18:06:38", 106
"May 25, 2026 at 18:06:39", 107
"May 25, 2026 at 18:06:40", 107
"May 25, 2026 at 18:06:41", 107
"May 25, 2026 at 18:06:42", 106
"May 25, 2026 at 18:06:43", 105
"May 25, 2026 at 18:06:44", 103
"May 25, 2026 at 18:06:45", 102
"May 25, 2026 at 18:06:46", 102
"May 25, 2026 at 18:06:47", 102
"May 25, 2026 at 18:06:48", 100
"May 25, 2026 at 18:06:49", 99
"May 25, 2026 at 18:06:50", 99
"May 25, 2026 at 18:06:51", 97
"May 25, 2026 at 18:06:52", 97
"May 25, 2026 at 18:06:53", 97
"May 25, 2026 at 18:06:54", 97
"May 25, 2026 at 18:06:55", 96
"May 25, 2026 at 18:06:56", 96
"May 25, 2026 at 18:06:57", 97
"May 25, 2026 at 18:06:58", 97
"May 25, 2026 at 18:06:59", 96
"May 25, 2026 at 18:07:00", 95
"May 25, 2026 at 18:07:01", 95
"May 25, 2026 at 18:07:02", 95
"May 25, 2026 at 18:07:03", 96
"May 25, 2026 at 18:07:04", 97
"May 25, 2026 at 18:07:05", 98
"May 25, 2026 at 18:07:06", 97
"May 25, 2026 at 18:07:07", 97
"May 25, 2026 at 18:07:08", 97
"May 25, 2026 at 18:07:09", 97
"May 25, 2026 at 18:07:10", 97
"May 25, 2026 at 18:07:11", 97
"May 25, 2026 at 18:07:12", 95
"May 25, 2026 at 18:07:13", 95
"May 25, 2026 at 18:07:14", 95
"May 25, 2026 at 18:07:15", 93
"May 25, 2026 at 18:07:16", 92
"May 25, 2026 at 18:07:17", 91
"May 25, 2026 at 18:07:18", 91
"May 25, 2026 at 18:07:19", 91
"May 25, 2026 at 18:07:20", 90
"May 25, 2026 at 18:07:21", 91
"May 25, 2026 at 18:07:22", 91
"May 25, 2026 at 18:07:23", 91
"May 25, 2026 at 18:07:24", 91
"May 25, 2026 at 18:07:25", 91
"May 25, 2026 at 18:07:26", 91
"May 25, 2026 at 18:07:27", 91
"May 25, 2026 at 18:07:28", 91
"May 25, 2026 at 18:07:29", 91
"May 25, 2026 at 18:07:30", 91
"May 25, 2026 at 18:07:31", 91
"May 25, 2026 at 18:07:32", 93
"May 25, 2026 at 18:07:33", 95
"May 25, 2026 at 18:07:34", 95
"May 25, 2026 at 18:07:35", 96
"May 25, 2026 at 18:07:36", 95
"May 25, 2026 at 18:07:37", 94
"May 25, 2026 at 18:07:38", 93
"May 25, 2026 at 18:07:39", 93
"May 25, 2026 at 18:07:40", 92
"May 25, 2026 at 18:07:41", 92
"May 25, 2026 at 18:07:42", 92
"May 25, 2026 at 18:07:43", 92
"May 25, 2026 at 18:07:44", 92
"May 25, 2026 at 18:07:45", 92
"May 25, 2026 at 18:07:46", 93
"May 25, 2026 at 18:07:47", 94
"May 25, 2026 at 18:07:48", 94
"May 25, 2026 at 18:07:49", 94
"May 25, 2026 at 18:07:50", 96
"May 25, 2026 at 18:07:51", 96
"May 25, 2026 at 18:07:52", 99
"May 25, 2026 at 18:07:53", 101
"May 25, 2026 at 18:07:54", 102
"May 25, 2026 at 18:07:55", 102
"May 25, 2026 at 18:07:56", 102
"May 25, 2026 at 18:07:57", 102
"May 25, 2026 at 18:07:58", 102
"May 25, 2026 at 18:07:59", 102
"May 25, 2026 at 18:08:00", 102
"May 25, 2026 at 18:08:01", 101
"May 25, 2026 at 18:08:02", 101
"May 25, 2026 at 18:08:03", 102
"May 25, 2026 at 18:08:04", 103
"May 25, 2026 at 18:08:05", 103
"May 25, 2026 at 18:08:06", 101
"May 25, 2026 at 18:08:07", 101
"May 25, 2026 at 18:08:08", 99
"May 25, 2026 at 18:08:09", 97
"May 25, 2026 at 18:08:10", 95
"May 25, 2026 at 18:08:11", 94
"May 25, 2026 at 18:08:12", 94
"May 25, 2026 at 18:08:13", 93
"May 25, 2026 at 18:08:14", 93
"May 25, 2026 at 18:08:15", 94
"May 25, 2026 at 18:08:16", 96
"May 25, 2026 at 18:08:17", 96
"May 25, 2026 at 18:08:18", 98
"May 25, 2026 at 18:08:19", 100
"May 25, 2026 at 18:08:20", 102
"May 25, 2026 at 18:08:21", 102
"May 25, 2026 at 18:08:22", 103
"May 25, 2026 at 18:08:23", 103
"May 25, 2026 at 18:08:24", 104
"May 25, 2026 at 18:08:25", 105
"May 25, 2026 at 18:08:26", 106
"May 25, 2026 at 18:08:27", 107
"May 25, 2026 at 18:08:28", 107
"May 25, 2026 at 18:08:29", 108
"May 25, 2026 at 18:08:30", 108
"May 25, 2026 at 18:08:31", 110
"May 25, 2026 at 18:08:32", 111
"May 25, 2026 at 18:08:33", 112
"May 25, 2026 at 18:08:34", 113
"May 25, 2026 at 18:08:35", 113
"May 25, 2026 at 18:08:36", 113
"May 25, 2026 at 18:08:37", 113
"May 25, 2026 at 18:08:38", 113
"May 25, 2026 at 18:08:39", 113
"May 25, 2026 at 18:08:40", 113
"May 25, 2026 at 18:08:41", 112
"May 25, 2026 at 18:08:42", 110
"May 25, 2026 at 18:08:43", 107
"May 25, 2026 at 18:08:44", 105
"May 25, 2026 at 18:08:45", 105
"May 25, 2026 at 18:08:46", 102
"May 25, 2026 at 18:08:47", 101
"May 25, 2026 at 18:08:48", 100
"May 25, 2026 at 18:08:49", 100
"May 25, 2026 at 18:08:50", 100
"May 25, 2026 at 18:08:51", 100
"May 25, 2026 at 18:08:52", 100
"May 25, 2026 at 18:08:53", 101
"May 25, 2026 at 18:08:54", 101
"May 25, 2026 at 18:08:55", 101
"May 25, 2026 at 18:08:56", 101
"May 25, 2026 at 18:08:57", 101
"May 25, 2026 at 18:08:58", 101
"May 25, 2026 at 18:08:59", 101
"May 25, 2026 at 18:09:00", 102
"May 25, 2026 at 18:09:01", 101
"May 25, 2026 at 18:09:02", 101
"May 25, 2026 at 18:09:03", 101
"May 25, 2026 at 18:09:04", 102
"May 25, 2026 at 18:09:05", 103
"May 25, 2026 at 18:09:06", 104
"May 25, 2026 at 18:09:07", 104
"May 25, 2026 at 18:09:08", 105
"May 25, 2026 at 18:09:09", 107
"May 25, 2026 at 18:09:10", 109
"May 25, 2026 at 18:09:11", 110
"May 25, 2026 at 18:09:12", 111
"May 25, 2026 at 18:09:13", 112
"May 25, 2026 at 18:09:14", 112
"May 25, 2026 at 18:09:15", 112
"May 25, 2026 at 18:09:16", 111
"May 25, 2026 at 18:09:17", 109
"May 25, 2026 at 18:09:18", 107
"May 25, 2026 at 18:09:19", 104
"May 25, 2026 at 18:09:20", 104
"May 25, 2026 at 18:09:21", 101
"May 25, 2026 at 18:09:22", 100
"May 25, 2026 at 18:09:23", 100
"May 25, 2026 at 18:09:24", 101
"May 25, 2026 at 18:09:25", 103
"May 25, 2026 at 18:09:26", 105
"May 25, 2026 at 18:09:27", 107
"May 25, 2026 at 18:09:28", 108
"May 25, 2026 at 18:09:29", 108
"May 25, 2026 at 18:09:30", 108
"May 25, 2026 at 18:09:31", 108
"May 25, 2026 at 18:09:32", 107
"May 25, 2026 at 18:09:33", 107
"May 25, 2026 at 18:09:34", 106
"May 25, 2026 at 18:09:35", 106
"May 25, 2026 at 18:09:36", 106
"May 25, 2026 at 18:09:37", 106
"May 25, 2026 at 18:09:38", 106
"May 25, 2026 at 18:09:39", 106
"May 25, 2026 at 18:09:40", 106
"May 25, 2026 at 18:09:41", 106
"May 25, 2026 at 18:09:42", 105
"May 25, 2026 at 18:09:43", 105
"May 25, 2026 at 18:09:44", 106
"May 25, 2026 at 18:09:45", 107
"May 25, 2026 at 18:09:46", 107
"May 25, 2026 at 18:09:47", 109
"May 25, 2026 at 18:09:48", 111
"May 25, 2026 at 18:09:49", 114
"May 25, 2026 at 18:09:50", 118
"May 25, 2026 at 18:09:51", 118
"May 25, 2026 at 18:09:52", 118
"May 25, 2026 at 18:09:53", 118
"May 25, 2026 at 18:09:54", 117
"May 25, 2026 at 18:09:55", 116
"May 25, 2026 at 18:09:56", 115
"May 25, 2026 at 18:09:57", 114
"May 25, 2026 at 18:09:58", 113
"May 25, 2026 at 18:09:59", 113
"May 25, 2026 at 18:10:00", 113
"May 25, 2026 at 18:10:01", 114
"May 25, 2026 at 18:10:02", 113
"May 25, 2026 at 18:10:03", 113
"May 25, 2026 at 18:10:04", 112
"May 25, 2026 at 18:10:05", 112
"May 25, 2026 at 18:10:06", 112
"May 25, 2026 at 18:10:07", 112
"May 25, 2026 at 18:10:08", 112
"May 25, 2026 at 18:10:09", 112
"May 25, 2026 at 18:10:10", 112
"May 25, 2026 at 18:10:11", 113
"May 25, 2026 at 18:10:12", 114
"May 25, 2026 at 18:10:13", 114
"May 25, 2026 at 18:10:14", 114
"May 25, 2026 at 18:10:15", 114
"May 25, 2026 at 18:10:16", 113
"May 25, 2026 at 18:10:17", 113
"May 25, 2026 at 18:10:18", 112
"May 25, 2026 at 18:10:19", 111
"May 25, 2026 at 18:10:20", 109
"May 25, 2026 at 18:10:21", 109
"May 25, 2026 at 18:10:22", 108
"May 25, 2026 at 18:10:23", 108
"May 25, 2026 at 18:10:24", 108
"May 25, 2026 at 18:10:25", 108
"May 25, 2026 at 18:10:26", 108
"May 25, 2026 at 18:10:27", 108
"May 25, 2026 at 18:10:28", 108
"May 25, 2026 at 18:10:29", 108
"May 25, 2026 at 18:10:30", 108
"May 25, 2026 at 18:10:31", 107
"May 25, 2026 at 18:10:32", 108
"May 25, 2026 at 18:10:33", 108
"May 25, 2026 at 18:10:34", 108
"May 25, 2026 at 18:10:35", 108
"May 25, 2026 at 18:10:36", 108
"May 25, 2026 at 18:10:37", 107
"May 25, 2026 at 18:10:38", 106
"May 25, 2026 at 18:10:39", 105
"May 25, 2026 at 18:10:40", 105
"May 25, 2026 at 18:10:41", 105
"May 25, 2026 at 18:10:42", 104
"May 25, 2026 at 18:10:43", 104
"May 25, 2026 at 18:10:44", 104
"May 25, 2026 at 18:10:45", 104
"May 25, 2026 at 18:10:46", 105
"May 25, 2026 at 18:10:47", 106
"May 25, 2026 at 18:10:48", 105
"May 25, 2026 at 18:10:49", 105
"May 25, 2026 at 18:10:50", 104
"May 25, 2026 at 18:10:51", 104
"May 25, 2026 at 18:10:52", 105
"May 25, 2026 at 18:10:53", 106
"May 25, 2026 at 18:10:54", 107
"May 25, 2026 at 18:10:55", 106
"May 25, 2026 at 18:10:56", 105
"May 25, 2026 at 18:10:57", 105
"May 25, 2026 at 18:10:58", 105
"May 25, 2026 at 18:10:59", 105
"May 25, 2026 at 18:11:00", 105
"May 25, 2026 at 18:11:01", 105
"May 25, 2026 at 18:11:02", 104
"May 25, 2026 at 18:11:03", 104
"May 25, 2026 at 18:11:04", 99
"May 25, 2026 at 18:11:05", 96
"May 25, 2026 at 18:11:06", 96
"May 25, 2026 at 18:11:07", 97
"May 25, 2026 at 18:11:08", 97
"May 25, 2026 at 18:11:09", 99
"May 25, 2026 at 18:11:10", 97
"May 25, 2026 at 18:11:11", 97
"May 25, 2026 at 18:11:12", 96
"May 25, 2026 at 18:11:13", 98
"May 25, 2026 at 18:11:14", 100
"May 25, 2026 at 18:11:15", 100
"May 25, 2026 at 18:11:16", 101
"May 25, 2026 at 18:11:17", 101
"May 25, 2026 at 18:11:18", 104
"May 25, 2026 at 18:11:19", 106
"May 25, 2026 at 18:11:20", 107
"May 25, 2026 at 18:11:21", 107
"May 25, 2026 at 18:11:22", 107
"May 25, 2026 at 18:11:23", 107
"May 25, 2026 at 18:11:24", 107
"May 25, 2026 at 18:11:25", 106
"May 25, 2026 at 18:11:26", 105
"May 25, 2026 at 18:11:27", 103
"May 25, 2026 at 18:11:28", 102
"May 25, 2026 at 18:11:29", 102
"May 25, 2026 at 18:11:30", 102
"May 25, 2026 at 18:11:31", 103
"May 25, 2026 at 18:11:32", 103
"May 25, 2026 at 18:11:33", 103
"May 25, 2026 at 18:11:34", 103
"May 25, 2026 at 18:11:35", 103
"May 25, 2026 at 18:11:36", 104
"May 25, 2026 at 18:11:37", 104
"May 25, 2026 at 18:11:38", 104
"May 25, 2026 at 18:11:39", 105
"May 25, 2026 at 18:11:40", 105
"May 25, 2026 at 18:11:41", 105
"May 25, 2026 at 18:11:42", 106
"May 25, 2026 at 18:11:43", 106
"May 25, 2026 at 18:11:44", 106
"May 25, 2026 at 18:11:45", 107
"May 25, 2026 at 18:11:46", 107
"May 25, 2026 at 18:11:47", 107
"May 25, 2026 at 18:11:48", 107
"May 25, 2026 at 18:11:49", 107
"May 25, 2026 at 18:11:50", 107
"May 25, 2026 at 18:11:51", 107
"May 25, 2026 at 18:11:52", 108
"May 25, 2026 at 18:11:53", 108
"May 25, 2026 at 18:11:54", 107
"May 25, 2026 at 18:11:55", 107
"May 25, 2026 at 18:11:56", 107
"May 25, 2026 at 18:11:57", 107
"May 25, 2026 at 18:11:58", 106
"May 25, 2026 at 18:11:59", 105
"May 25, 2026 at 18:12:00", 105
"May 25, 2026 at 18:12:01", 105
"May 25, 2026 at 18:12:02", 105
"May 25, 2026 at 18:12:03", 105
"May 25, 2026 at 18:12:04", 105
"May 25, 2026 at 18:12:05", 105
"May 25, 2026 at 18:12:06", 105
"May 25, 2026 at 18:12:07", 104
"May 25, 2026 at 18:12:08", 104
"May 25, 2026 at 18:12:09", 103
"May 25, 2026 at 18:12:10", 104
"May 25, 2026 at 18:12:11", 104
"May 25, 2026 at 18:12:12", 105
"May 25, 2026 at 18:12:14", 105
"May 25, 2026 at 18:12:14", 104
"May 25, 2026 at 18:12:15", 104
"May 25, 2026 at 18:12:16", 105
"May 25, 2026 at 18:12:17", 107
"May 25, 2026 at 18:12:18", 107
"May 25, 2026 at 18:12:19", 107
"May 25, 2026 at 18:12:20", 107
"May 25, 2026 at 18:12:21", 105
"May 25, 2026 at 18:12:22", 104
"May 25, 2026 at 18:12:23", 104
"May 25, 2026 at 18:12:24", 104
"May 25, 2026 at 18:12:25", 104
"May 25, 2026 at 18:12:26", 103
"May 25, 2026 at 18:12:27", 102
"May 25, 2026 at 18:12:28", 101
"May 25, 2026 at 18:12:29", 101
"May 25, 2026 at 18:12:30", 101
"May 25, 2026 at 18:12:31", 102
"May 25, 2026 at 18:12:32", 102
"May 25, 2026 at 18:12:33", 102
"May 25, 2026 at 18:12:34", 103
"May 25, 2026 at 18:12:35", 104
"May 25, 2026 at 18:12:36", 104
"May 25, 2026 at 18:12:37", 104
"May 25, 2026 at 18:12:38", 104
"May 25, 2026 at 18:12:39", 104
"May 25, 2026 at 18:12:40", 105
"May 25, 2026 at 18:12:41", 106
"May 25, 2026 at 18:12:42", 105
"May 25, 2026 at 18:12:43", 104
"May 25, 2026 at 18:12:44", 104
"May 25, 2026 at 18:12:45", 103
"May 25, 2026 at 18:12:46", 103
"May 25, 2026 at 18:12:47", 102
"May 25, 2026 at 18:12:48", 101
"May 25, 2026 at 18:12:49", 101
"May 25, 2026 at 18:12:50", 101
"May 25, 2026 at 18:12:52", 100
"May 25, 2026 at 18:12:52", 99
"May 25, 2026 at 18:12:53", 99
"May 25, 2026 at 18:12:54", 98
"May 25, 2026 at 18:12:55", 98
"May 25, 2026 at 18:12:56", 98
"May 25, 2026 at 18:12:57", 98
"May 25, 2026 at 18:12:58", 98
"May 25, 2026 at 18:12:59", 97
"May 25, 2026 at 18:13:00", 95
"May 25, 2026 at 18:13:01", 94
"May 25, 2026 at 18:13:02", 95
"May 25, 2026 at 18:13:03", 95
"May 25, 2026 at 18:13:04", 95
"May 25, 2026 at 18:13:05", 95
"May 25, 2026 at 18:13:06", 96
"May 25, 2026 at 18:13:07", 97
"May 25, 2026 at 18:13:08", 99
"May 25, 2026 at 18:13:09", 100
"May 25, 2026 at 18:13:10", 100
"May 25, 2026 at 18:13:11", 101
"May 25, 2026 at 18:13:12", 103
"May 25, 2026 at 18:13:13", 104
"May 25, 2026 at 18:13:14", 104
"May 25, 2026 at 18:13:15", 104
"May 25, 2026 at 18:13:16", 104
"May 25, 2026 at 18:13:17", 104
"May 25, 2026 at 18:13:18", 105
"May 25, 2026 at 18:13:19", 105
"May 25, 2026 at 18:13:20", 105
"May 25, 2026 at 18:13:21", 104
"May 25, 2026 at 18:13:22", 104
"May 25, 2026 at 18:13:23", 104
"May 25, 2026 at 18:13:24", 103
"May 25, 2026 at 18:13:25", 104
"May 25, 2026 at 18:13:26", 104
"May 25, 2026 at 18:13:27", 104
"May 25, 2026 at 18:13:28", 103
"May 25, 2026 at 18:13:29", 102
"May 25, 2026 at 18:13:30", 102
"May 25, 2026 at 18:13:31", 101
"May 25, 2026 at 18:13:32", 101
"May 25, 2026 at 18:13:33", 101
"May 25, 2026 at 18:13:34", 102
"May 25, 2026 at 18:13:35", 103
"May 25, 2026 at 18:13:36", 104
"May 25, 2026 at 18:13:37", 105
"May 25, 2026 at 18:13:38", 106
"May 25, 2026 at 18:13:39", 106
"May 25, 2026 at 18:13:40", 106
"May 25, 2026 at 18:13:41", 107
"May 25, 2026 at 18:13:42", 107
"May 25, 2026 at 18:13:43", 107
"May 25, 2026 at 18:13:44", 108
"May 25, 2026 at 18:13:45", 109
"May 25, 2026 at 18:13:46", 110
"May 25, 2026 at 18:13:47", 111
"May 25, 2026 at 18:13:48", 112
"May 25, 2026 at 18:13:49", 112
"May 25, 2026 at 18:13:50", 112
"May 25, 2026 at 18:13:51", 112
"May 25, 2026 at 18:13:52", 112
"May 25, 2026 at 18:13:53", 110
"May 25, 2026 at 18:13:54", 109
"May 25, 2026 at 18:13:55", 108
"May 25, 2026 at 18:13:56", 107
"May 25, 2026 at 18:13:57", 107
"May 25, 2026 at 18:13:58", 107
"May 25, 2026 at 18:13:59", 108
"May 25, 2026 at 18:14:00", 108
"May 25, 2026 at 18:14:01", 108
"May 25, 2026 at 18:14:02", 107
"May 25, 2026 at 18:14:03", 107
"May 25, 2026 at 18:14:04", 106
"May 25, 2026 at 18:14:05", 106
"May 25, 2026 at 18:14:06", 105
"May 25, 2026 at 18:14:07", 105
"May 25, 2026 at 18:14:08", 105
"May 25, 2026 at 18:14:09", 105
"May 25, 2026 at 18:14:10", 104
"May 25, 2026 at 18:14:11", 104
"May 25, 2026 at 18:14:12", 104
"May 25, 2026 at 18:14:13", 104
"May 25, 2026 at 18:14:14", 104
"May 25, 2026 at 18:14:15", 104
"May 25, 2026 at 18:14:16", 104
"May 25, 2026 at 18:14:17", 105
"May 25, 2026 at 18:14:18", 106
"May 25, 2026 at 18:14:19", 106
"May 25, 2026 at 18:14:20", 106
"May 25, 2026 at 18:14:21", 106
"May 25, 2026 at 18:14:22", 106
"May 25, 2026 at 18:14:23", 106
"May 25, 2026 at 18:14:24", 106
"May 25, 2026 at 18:14:25", 105
"May 25, 2026 at 18:14:26", 104
"May 25, 2026 at 18:14:27", 102
"May 25, 2026 at 18:14:28", 101
"May 25, 2026 at 18:14:29", 101
"May 25, 2026 at 18:14:30", 102
"May 25, 2026 at 18:14:31", 103
"May 25, 2026 at 18:14:32", 103
"May 25, 2026 at 18:14:33", 104
"May 25, 2026 at 18:14:34", 106
"May 25, 2026 at 18:14:35", 106
"May 25, 2026 at 18:14:36", 106
"May 25, 2026 at 18:14:37", 108
"May 25, 2026 at 18:14:38", 108
"May 25, 2026 at 18:14:39", 108
"May 25, 2026 at 18:14:40", 108
"May 25, 2026 at 18:14:41", 107
"May 25, 2026 at 18:14:42", 106
"May 25, 2026 at 18:14:43", 106
"May 25, 2026 at 18:14:44", 106
"May 25, 2026 at 18:14:45", 106
"May 25, 2026 at 18:14:46", 106
"May 25, 2026 at 18:14:47", 104
"May 25, 2026 at 18:14:48", 103
"May 25, 2026 at 18:14:49", 103
"May 25, 2026 at 18:14:50", 102
"May 25, 2026 at 18:14:51", 102
"May 25, 2026 at 18:14:52", 102
"May 25, 2026 at 18:14:53", 101
"May 25, 2026 at 18:14:54", 101
"May 25, 2026 at 18:14:55", 100
"May 25, 2026 at 18:14:56", 100
"May 25, 2026 at 18:14:57", 100
"May 25, 2026 at 18:14:58", 100
"May 25, 2026 at 18:14:59", 100
"May 25, 2026 at 18:15:00", 100
"May 25, 2026 at 18:15:01", 101
"May 25, 2026 at 18:15:02", 101
"May 25, 2026 at 18:15:03", 100
"May 25, 2026 at 18:15:04", 99
"May 25, 2026 at 18:15:05", 100
"May 25, 2026 at 18:15:06", 100
"May 25, 2026 at 18:15:07", 100
"May 25, 2026 at 18:15:08", 100
"May 25, 2026 at 18:15:09", 99
"May 25, 2026 at 18:15:10", 98
"May 25, 2026 at 18:15:11", 98
"May 25, 2026 at 18:15:13", 96
"May 25, 2026 at 18:15:13", 97
"May 25, 2026 at 18:15:14", 96
"May 25, 2026 at 18:15:15", 96
"May 25, 2026 at 18:15:16", 96
"May 25, 2026 at 18:15:17", 96
"May 25, 2026 at 18:15:18", 96
"May 25, 2026 at 18:15:19", 96
"May 25, 2026 at 18:15:20", 96
"May 25, 2026 at 18:15:21", 96
"May 25, 2026 at 18:15:22", 95
"May 25, 2026 at 18:15:23", 96
"May 25, 2026 at 18:15:24", 96
"May 25, 2026 at 18:15:25", 96
"May 25, 2026 at 18:15:26", 96
"May 25, 2026 at 18:15:27", 96
"May 25, 2026 at 18:15:28", 96
"May 25, 2026 at 18:15:29", 96
"May 25, 2026 at 18:15:30", 96
"May 25, 2026 at 18:15:31", 96
"May 25, 2026 at 18:15:32", 96
"May 25, 2026 at 18:15:33", 95
"May 25, 2026 at 18:15:34", 95
"May 25, 2026 at 18:15:35", 95
"May 25, 2026 at 18:15:36", 95
"May 25, 2026 at 18:15:37", 95
"May 25, 2026 at 18:15:38", 95
"May 25, 2026 at 18:15:39", 95
"May 25, 2026 at 18:15:40", 95
"May 25, 2026 at 18:15:41", 94
"May 25, 2026 at 18:15:42", 94
"May 25, 2026 at 18:15:43", 94
"May 25, 2026 at 18:15:44", 94
"May 25, 2026 at 18:15:45", 95
"May 25, 2026 at 18:15:46", 96
"May 25, 2026 at 18:15:47", 97
"May 25, 2026 at 18:15:48", 96
"May 25, 2026 at 18:15:49", 97
"May 25, 2026 at 18:15:50", 97
"May 25, 2026 at 18:15:51", 97
"May 25, 2026 at 18:15:52", 97
"May 25, 2026 at 18:15:53", 97
"May 25, 2026 at 18:15:54", 97
"May 25, 2026 at 18:15:55", 96
"May 25, 2026 at 18:15:56", 95
"May 25, 2026 at 18:15:57", 95
"May 25, 2026 at 18:15:58", 95
"May 25, 2026 at 18:16:00", 96
"May 25, 2026 at 18:16:00", 96
"May 25, 2026 at 18:16:01", 96
"May 25, 2026 at 18:16:02", 96
"May 25, 2026 at 18:16:03", 97
"May 25, 2026 at 18:16:04", 98
"May 25, 2026 at 18:16:05", 99
"May 25, 2026 at 18:16:06", 99
"May 25, 2026 at 18:16:07", 101
"May 25, 2026 at 18:16:08", 102
"May 25, 2026 at 18:16:09", 104
"May 25, 2026 at 18:16:10", 105
"May 25, 2026 at 18:16:11", 105
"May 25, 2026 at 18:16:12", 104
"May 25, 2026 at 18:16:13", 104
"May 25, 2026 at 18:16:14", 102
"May 25, 2026 at 18:16:15", 101
"May 25, 2026 at 18:16:16", 100
"May 25, 2026 at 18:16:17", 98
"May 25, 2026 at 18:16:18", 98
"May 25, 2026 at 18:16:19", 98
"May 25, 2026 at 18:16:20", 98
"May 25, 2026 at 18:16:21", 99
"May 25, 2026 at 18:16:22", 99
"May 25, 2026 at 18:16:23", 98
"May 25, 2026 at 18:16:24", 98
"May 25, 2026 at 18:16:25", 98
"May 25, 2026 at 18:16:26", 97
"May 25, 2026 at 18:16:27", 96
"May 25, 2026 at 18:16:29", 97
"May 25, 2026 at 18:16:29", 97
"May 25, 2026 at 18:16:30", 97
"May 25, 2026 at 18:16:31", 97
"May 25, 2026 at 18:16:32", 97
"May 25, 2026 at 18:16:33", 97
"May 25, 2026 at 18:16:35", 96
"May 25, 2026 at 18:16:35", 98
"May 25, 2026 at 18:16:36", 100
"May 25, 2026 at 18:16:37", 100
"May 25, 2026 at 18:16:38", 101
"May 25, 2026 at 18:16:39", 101
"May 25, 2026 at 18:16:41", 102
"May 25, 2026 at 18:16:41", 103
"May 25, 2026 at 18:16:42", 105
"May 25, 2026 at 18:16:43", 105
"May 25, 2026 at 18:16:44", 107
"May 25, 2026 at 18:16:45", 107
"May 25, 2026 at 18:16:47", 107
"May 25, 2026 at 18:16:47", 107
"May 25, 2026 at 18:16:48", 107
"May 25, 2026 at 18:16:49", 107
"May 25, 2026 at 18:16:50", 106
"May 25, 2026 at 18:16:51", 105
"May 25, 2026 at 18:16:53", 105
"May 25, 2026 at 18:16:53", 104
"May 25, 2026 at 18:16:54", 103
"May 25, 2026 at 18:16:55", 101
"May 25, 2026 at 18:16:56", 101
"May 25, 2026 at 18:16:57", 100
"May 25, 2026 at 18:16:59", 100
"May 25, 2026 at 18:16:59", 100
"May 25, 2026 at 18:17:00", 101
"May 25, 2026 at 18:17:01", 102
"May 25, 2026 at 18:17:02", 102
"May 25, 2026 at 18:17:03", 102
"May 25, 2026 at 18:17:05", 101
"May 25, 2026 at 18:17:05", 103
"May 25, 2026 at 18:17:06", 105
"May 25, 2026 at 18:17:07", 104
"May 25, 2026 at 18:17:08", 103
"May 25, 2026 at 18:17:09", 103
"May 25, 2026 at 18:17:11", 102
"May 25, 2026 at 18:17:11", 100
"May 25, 2026 at 18:17:12", 101
"May 25, 2026 at 18:17:13", 101
"May 25, 2026 at 18:17:14", 101
"May 25, 2026 at 18:17:16", 101
"May 25, 2026 at 18:17:17", 100
"May 25, 2026 at 18:17:17", 100
"May 25, 2026 at 18:17:18", 100
"May 25, 2026 at 18:17:19", 100
"May 25, 2026 at 18:17:20", 100
"May 25, 2026 at 18:17:22", 100
"May 25, 2026 at 18:17:23", 100
"May 25, 2026 at 18:17:23", 101
"May 25, 2026 at 18:17:24", 102
"May 25, 2026 at 18:17:25", 103
"May 25, 2026 at 18:17:26", 104
"May 25, 2026 at 18:17:28", 106
"May 25, 2026 at 18:17:29", 106
"May 25, 2026 at 18:17:29", 106
"May 25, 2026 at 18:17:30", 107
"May 25, 2026 at 18:17:31", 106
"May 25, 2026 at 18:17:32", 104
"May 25, 2026 at 18:17:34", 103
"May 25, 2026 at 18:17:35", 103
"May 25, 2026 at 18:17:35", 102
"May 25, 2026 at 18:17:36", 102
"May 25, 2026 at 18:17:37", 102
"May 25, 2026 at 18:17:38", 103
"May 25, 2026 at 18:17:40", 104
"May 25, 2026 at 18:17:41", 106
"May 25, 2026 at 18:17:41", 106
"May 25, 2026 at 18:17:42", 107
"May 25, 2026 at 18:17:43", 109
"May 25, 2026 at 18:17:44", 109
"May 25, 2026 at 18:17:46", 110
"May 25, 2026 at 18:17:47", 110
"May 25, 2026 at 18:17:47", 110
"May 25, 2026 at 18:17:48", 110
"May 25, 2026 at 18:17:49", 110
"May 25, 2026 at 18:17:50", 111
"May 25, 2026 at 18:17:52", 111
"May 25, 2026 at 18:17:53", 112
"May 25, 2026 at 18:17:53", 112
"May 25, 2026 at 18:17:54", 112
"May 25, 2026 at 18:17:55", 113
"May 25, 2026 at 18:17:56", 114
"May 25, 2026 at 18:17:58", 115
"May 25, 2026 at 18:17:59", 116
"May 25, 2026 at 18:17:59", 116
"May 25, 2026 at 18:18:00", 116
"May 25, 2026 at 18:18:01", 116
"May 25, 2026 at 18:18:03", 116
"May 25, 2026 at 18:18:04", 116
"May 25, 2026 at 18:18:05", 115
"May 25, 2026 at 18:18:05", 115
"May 25, 2026 at 18:18:06", 114
"May 25, 2026 at 18:18:07", 113
"May 25, 2026 at 18:18:09", 113
"May 25, 2026 at 18:18:10", 112
"May 25, 2026 at 18:18:11", 110
"May 25, 2026 at 18:18:11", 109
"May 25, 2026 at 18:18:12", 108
"May 25, 2026 at 18:18:13", 107
"May 25, 2026 at 18:18:15", 107
"May 25, 2026 at 18:18:16", 107
"May 25, 2026 at 18:18:17", 106
"May 25, 2026 at 18:18:17", 106
"May 25, 2026 at 18:18:18", 107
"May 25, 2026 at 18:18:19", 107
"May 25, 2026 at 18:18:21", 108
"May 25, 2026 at 18:18:22", 109
"May 25, 2026 at 18:18:23", 110
"May 25, 2026 at 18:18:23", 111
"May 25, 2026 at 18:18:24", 111
"May 25, 2026 at 18:18:25", 112
"May 25, 2026 at 18:18:27", 112
"May 25, 2026 at 18:18:28", 112
"May 25, 2026 at 18:18:29", 112
"May 25, 2026 at 18:18:29", 112
"May 25, 2026 at 18:18:30", 110
"May 25, 2026 at 18:18:31", 109
"May 25, 2026 at 18:18:33", 107
"May 25, 2026 at 18:18:34", 107
"May 25, 2026 at 18:18:35", 106
"May 25, 2026 at 18:18:35", 105
"May 25, 2026 at 18:18:36", 103
"May 25, 2026 at 18:18:38", 103
"May 25, 2026 at 18:18:39", 103
"May 25, 2026 at 18:18:40", 103
"May 25, 2026 at 18:18:41", 103
"May 25, 2026 at 18:18:41", 103
"May 25, 2026 at 18:18:42", 102
"May 25, 2026 at 18:18:44", 102
"May 25, 2026 at 18:18:45", 103
"May 25, 2026 at 18:18:46", 103
"May 25, 2026 at 18:18:47", 103
"May 25, 2026 at 18:18:47", 103
"May 25, 2026 at 18:18:48", 103
"May 25, 2026 at 18:18:50", 103
"May 25, 2026 at 18:18:51", 102
"May 25, 2026 at 18:18:52", 102
"May 25, 2026 at 18:18:53", 101
"May 25, 2026 at 18:18:53", 100
"May 25, 2026 at 18:18:54", 100
"May 25, 2026 at 18:18:56", 98
"May 25, 2026 at 18:18:57", 98
"May 25, 2026 at 18:18:58", 98
"May 25, 2026 at 18:18:59", 98
"May 25, 2026 at 18:18:59", 98
"May 25, 2026 at 18:19:00", 98
"May 25, 2026 at 18:19:02", 98
"May 25, 2026 at 18:19:03", 98
"May 25, 2026 at 18:19:04", 98
"May 25, 2026 at 18:19:05", 98
"May 25, 2026 at 18:19:05", 98
"May 25, 2026 at 18:19:06", 98
"May 25, 2026 at 18:19:08", 97
"May 25, 2026 at 18:19:09", 98
"May 25, 2026 at 18:19:10", 100
"May 25, 2026 at 18:19:11", 100
"May 25, 2026 at 18:19:11", 101
"May 25, 2026 at 18:19:13", 102
"May 25, 2026 at 18:19:14", 102
"May 25, 2026 at 18:19:15", 102
"May 25, 2026 at 18:19:16", 101
"May 25, 2026 at 18:19:17", 101
"May 25, 2026 at 18:19:17", 101
"May 25, 2026 at 18:19:19", 101
"May 25, 2026 at 18:19:20", 101
"May 25, 2026 at 18:19:21", 102
"May 25, 2026 at 18:19:22", 103
"May 25, 2026 at 18:19:23", 103
"May 25, 2026 at 18:19:23", 104
"May 25, 2026 at 18:19:25", 104
"May 25, 2026 at 18:19:26", 105
"May 25, 2026 at 18:19:27", 106
"May 25, 2026 at 18:19:28", 105
"May 25, 2026 at 18:19:29", 105
"May 25, 2026 at 18:19:29", 104
"May 25, 2026 at 18:19:31", 104
"May 25, 2026 at 18:19:32", 104
"May 25, 2026 at 18:19:33", 104
"May 25, 2026 at 18:19:34", 104
"May 25, 2026 at 18:19:35", 103
"May 25, 2026 at 18:19:35", 102
"May 25, 2026 at 18:19:37", 102
"May 25, 2026 at 18:19:38", 101
"May 25, 2026 at 18:19:39", 101
"May 25, 2026 at 18:19:40", 101
"May 25, 2026 at 18:19:41", 101
"May 25, 2026 at 18:19:41", 101
"May 25, 2026 at 18:19:43", 101
"May 25, 2026 at 18:19:44", 101
"May 25, 2026 at 18:19:45", 101
"May 25, 2026 at 18:19:46", 100
"May 25, 2026 at 18:19:47", 101
"May 25, 2026 at 18:19:47", 101
"May 25, 2026 at 18:19:49", 100
"May 25, 2026 at 18:19:50", 100
"May 25, 2026 at 18:19:51", 99
"May 25, 2026 at 18:19:52", 99
"May 25, 2026 at 18:19:53", 100
"May 25, 2026 at 18:19:54", 100
"May 25, 2026 at 18:19:55", 101
"May 25, 2026 at 18:19:56", 101
"May 25, 2026 at 18:19:57", 101
"May 25, 2026 at 18:19:58", 102
"May 25, 2026 at 18:19:59", 102
"May 25, 2026 at 18:20:00", 102
"May 25, 2026 at 18:20:01", 103
"May 25, 2026 at 18:20:02", 103
"May 25, 2026 at 18:20:03", 102
"May 25, 2026 at 18:20:04", 101
"May 25, 2026 at 18:20:05", 101
"May 25, 2026 at 18:20:06", 101
"May 25, 2026 at 18:20:07", 101
"May 25, 2026 at 18:20:08", 101
"May 25, 2026 at 18:20:09", 101
"May 25, 2026 at 18:20:10", 100
"May 25, 2026 at 18:20:11", 102
"May 25, 2026 at 18:20:12", 102
"May 25, 2026 at 18:20:13", 102
"May 25, 2026 at 18:20:14", 101
"May 25, 2026 at 18:20:15", 101
"May 25, 2026 at 18:20:16", 103
"May 25, 2026 at 18:20:17", 105
"May 25, 2026 at 18:20:18", 106
"May 25, 2026 at 18:20:19", 109
"May 25, 2026 at 18:20:20", 109
"May 25, 2026 at 18:20:21", 109
"May 25, 2026 at 18:20:22", 109
"May 25, 2026 at 18:20:23", 109
"May 25, 2026 at 18:20:24", 108
"May 25, 2026 at 18:20:25", 108
"May 25, 2026 at 18:20:26", 108
"May 25, 2026 at 18:20:27", 108
"May 25, 2026 at 18:20:28", 108
"May 25, 2026 at 18:20:29", 108
"May 25, 2026 at 18:20:30", 107
"May 25, 2026 at 18:20:31", 107
"May 25, 2026 at 18:20:32", 105
"May 25, 2026 at 18:20:33", 105
"May 25, 2026 at 18:20:34", 103
"May 25, 2026 at 18:20:35", 100
"May 25, 2026 at 18:20:36", 99
"May 25, 2026 at 18:20:37", 99
"May 25, 2026 at 18:20:38", 99
"May 25, 2026 at 18:20:39", 96
"May 25, 2026 at 18:20:40", 94
"May 25, 2026 at 18:20:41", 96
"May 25, 2026 at 18:20:42", 99
"May 25, 2026 at 18:20:43", 103
"May 25, 2026 at 18:20:44", 103
"May 25, 2026 at 18:20:45", 106
"May 25, 2026 at 18:20:46", 107
"May 25, 2026 at 18:20:47", 106
"May 25, 2026 at 18:20:48", 105
"May 25, 2026 at 18:20:49", 105
"May 25, 2026 at 18:20:50", 101
"May 25, 2026 at 18:20:51", 100
"May 25, 2026 at 18:20:52", 99
"May 25, 2026 at 18:20:53", 99
"May 25, 2026 at 18:20:54", 99
"May 25, 2026 at 18:20:55", 99
"May 25, 2026 at 18:20:56", 100
"May 25, 2026 at 18:20:57", 100
"May 25, 2026 at 18:20:58", 100
"May 25, 2026 at 18:20:59", 100
"May 25, 2026 at 18:21:00", 99
"May 25, 2026 at 18:21:01", 103
"May 25, 2026 at 18:21:02", 108
"May 25, 2026 at 18:21:03", 111
"May 25, 2026 at 18:21:04", 111
"May 25, 2026 at 18:21:05", 112
"May 25, 2026 at 18:21:06", 112
"May 25, 2026 at 18:21:07", 112
"May 25, 2026 at 18:21:08", 112
"May 25, 2026 at 18:21:09", 112
"May 25, 2026 at 18:21:10", 112
"May 25, 2026 at 18:21:11", 112
"May 25, 2026 at 18:21:12", 112
"May 25, 2026 at 18:21:13", 111
"May 25, 2026 at 18:21:14", 111
"May 25, 2026 at 18:21:15", 110
"May 25, 2026 at 18:21:16", 110
"May 25, 2026 at 18:21:17", 106
"May 25, 2026 at 18:21:18", 103
"May 25, 2026 at 18:21:19", 103
"May 25, 2026 at 18:21:20", 103
"May 25, 2026 at 18:21:21", 102
"May 25, 2026 at 18:21:22", 101
"May 25, 2026 at 18:21:23", 101
"May 25, 2026 at 18:21:24", 101
"May 25, 2026 at 18:21:25", 101
"May 25, 2026 at 18:21:26", 101
"May 25, 2026 at 18:21:27", 102
"May 25, 2026 at 18:21:28", 102
"May 25, 2026 at 18:21:29", 102
"May 25, 2026 at 18:21:30", 102
"May 25, 2026 at 18:21:31", 100
"May 25, 2026 at 18:21:32", 101
"May 25, 2026 at 18:21:33", 104
"May 25, 2026 at 18:21:34", 107
"May 25, 2026 at 18:21:35", 108
"May 25, 2026 at 18:21:36", 108
"May 25, 2026 at 18:21:37", 107
"May 25, 2026 at 18:21:38", 104
"May 25, 2026 at 18:21:39", 104
"May 25, 2026 at 18:21:40", 104
"May 25, 2026 at 18:21:41", 104
"May 25, 2026 at 18:21:42", 104
"May 25, 2026 at 18:21:43", 104
"May 25, 2026 at 18:21:44", 103
"May 25, 2026 at 18:21:45", 102
"May 25, 2026 at 18:21:46", 100
"May 25, 2026 at 18:21:47", 100
"May 25, 2026 at 18:21:48", 102
"May 25, 2026 at 18:21:49", 104
"May 25, 2026 at 18:21:50", 106
"May 25, 2026 at 18:21:51", 106
"May 25, 2026 at 18:21:52", 106
"May 25, 2026 at 18:21:53", 106
"May 25, 2026 at 18:21:54", 105
"May 25, 2026 at 18:21:55", 105
"May 25, 2026 at 18:21:56", 105
"May 25, 2026 at 18:21:57", 104
"May 25, 2026 at 18:21:58", 104
"May 25, 2026 at 18:21:59", 103
"May 25, 2026 at 18:22:00", 103
"May 25, 2026 at 18:22:01", 103
"May 25, 2026 at 18:22:02", 100
"May 25, 2026 at 18:22:03", 98
"May 25, 2026 at 18:22:04", 99
"May 25, 2026 at 18:22:05", 101
"May 25, 2026 at 18:22:06", 101
"May 25, 2026 at 18:22:07", 100
"May 25, 2026 at 18:22:08", 99
"May 25, 2026 at 18:22:09", 99
"May 25, 2026 at 18:22:10", 95
"May 25, 2026 at 18:22:11", 93
"May 25, 2026 at 18:22:12", 95
"May 25, 2026 at 18:22:13", 95
"May 25, 2026 at 18:22:14", 97
"May 25, 2026 at 18:22:15", 100
"May 25, 2026 at 18:22:16", 102
"May 25, 2026 at 18:22:17", 100
"May 25, 2026 at 18:22:18", 100
"May 25, 2026 at 18:22:19", 97
"May 25, 2026 at 18:22:20", 96
"May 25, 2026 at 18:22:21", 96
"May 25, 2026 at 18:22:22", 96
"May 25, 2026 at 18:22:23", 96
"May 25, 2026 at 18:22:24", 98
"May 25, 2026 at 18:22:25", 100
"May 25, 2026 at 18:22:26", 98
"May 25, 2026 at 18:22:27", 98
"May 25, 2026 at 18:22:28", 96
"May 25, 2026 at 18:22:29", 96
"May 25, 2026 at 18:22:30", 96
"May 25, 2026 at 18:22:31", 99
"May 25, 2026 at 18:22:32", 101
"May 25, 2026 at 18:22:33", 101
"May 25, 2026 at 18:22:34", 103
"May 25, 2026 at 18:22:35", 104
"May 25, 2026 at 18:22:36", 104
"May 25, 2026 at 18:22:37", 104
"May 25, 2026 at 18:22:38", 104
"May 25, 2026 at 18:22:39", 104
"May 25, 2026 at 18:22:40", 105
"May 25, 2026 at 18:22:41", 105
"May 25, 2026 at 18:22:42", 104
"May 25, 2026 at 18:22:43", 103
"May 25, 2026 at 18:22:44", 103
"May 25, 2026 at 18:22:45", 103
"May 25, 2026 at 18:22:46", 102
"May 25, 2026 at 18:22:47", 102
"May 25, 2026 at 18:22:48", 102
"May 25, 2026 at 18:22:49", 102
"May 25, 2026 at 18:22:50", 101
"May 25, 2026 at 18:22:51", 100
"May 25, 2026 at 18:22:52", 100
"May 25, 2026 at 18:22:53", 101
"May 25, 2026 at 18:22:54", 102
"May 25, 2026 at 18:22:55", 103
"May 25, 2026 at 18:22:56", 103
"May 25, 2026 at 18:22:57", 103
"May 25, 2026 at 18:22:58", 103
"May 25, 2026 at 18:22:59", 103
"May 25, 2026 at 18:23:00", 103
"May 25, 2026 at 18:23:01", 103
"May 25, 2026 at 18:23:02", 102
"May 25, 2026 at 18:23:03", 101
"May 25, 2026 at 18:23:04", 99
"May 25, 2026 at 18:23:05", 99
"May 25, 2026 at 18:23:06", 97
"May 25, 2026 at 18:23:07", 97
"May 25, 2026 at 18:23:08", 96
"May 25, 2026 at 18:23:09", 95
"May 25, 2026 at 18:23:10", 95
"May 25, 2026 at 18:23:11", 94
"May 25, 2026 at 18:23:12", 94
"May 25, 2026 at 18:23:13", 94
"May 25, 2026 at 18:23:14", 94
"May 25, 2026 at 18:23:15", 96
"May 25, 2026 at 18:23:16", 96
"May 25, 2026 at 18:23:17", 96
"May 25, 2026 at 18:23:18", 96
"May 25, 2026 at 18:23:19", 96
"May 25, 2026 at 18:23:20", 96
"May 25, 2026 at 18:23:21", 96
"May 25, 2026 at 18:23:22", 96
"May 25, 2026 at 18:23:23", 97
"May 25, 2026 at 18:23:24", 97
"May 25, 2026 at 18:23:25", 95
"May 25, 2026 at 18:23:26", 95
"May 25, 2026 at 18:23:27", 95
"May 25, 2026 at 18:23:28", 95
"May 25, 2026 at 18:23:29", 95
"May 25, 2026 at 18:23:30", 96
"May 25, 2026 at 18:23:31", 96
"May 25, 2026 at 18:23:32", 95
"May 25, 2026 at 18:23:33", 95
"May 25, 2026 at 18:23:34", 95
"May 25, 2026 at 18:23:35", 96
"May 25, 2026 at 18:23:36", 98
"May 25, 2026 at 18:23:37", 99
"May 25, 2026 at 18:23:38", 101
"May 25, 2026 at 18:23:39", 101
"May 25, 2026 at 18:23:40", 101
"May 25, 2026 at 18:23:41", 101
"May 25, 2026 at 18:23:42", 102
"May 25, 2026 at 18:23:43", 102
"May 25, 2026 at 18:23:44", 102
"May 25, 2026 at 18:23:45", 102
"May 25, 2026 at 18:23:46", 102
"May 25, 2026 at 18:23:47", 100
"May 25, 2026 at 18:23:48", 100
"May 25, 2026 at 18:23:49", 97
"May 25, 2026 at 18:23:50", 96
"May 25, 2026 at 18:23:51", 97
"May 25, 2026 at 18:23:52", 95
"May 25, 2026 at 18:23:53", 95
"May 25, 2026 at 18:23:54", 94
"May 25, 2026 at 18:23:55", 93
"May 25, 2026 at 18:23:56", 93
"May 25, 2026 at 18:23:57", 93
"May 25, 2026 at 18:23:58", 95
"May 25, 2026 at 18:23:59", 96
"May 25, 2026 at 18:24:00", 96
"May 25, 2026 at 18:24:01", 96
"May 25, 2026 at 18:24:02", 96
"May 25, 2026 at 18:24:03", 97
"May 25, 2026 at 18:24:04", 97
"May 25, 2026 at 18:24:05", 97
"May 25, 2026 at 18:24:06", 96
"May 25, 2026 at 18:24:07", 96
"May 25, 2026 at 18:24:08", 96
"May 25, 2026 at 18:24:09", 95
"May 25, 2026 at 18:24:10", 95
"May 25, 2026 at 18:24:11", 95
"May 25, 2026 at 18:24:12", 95
"May 25, 2026 at 18:24:13", 96
"May 25, 2026 at 18:24:14", 95
"May 25, 2026 at 18:24:15", 93
"May 25, 2026 at 18:24:16", 95
"May 25, 2026 at 18:24:17", 95
"May 25, 2026 at 18:24:18", 97
"May 25, 2026 at 18:24:19", 98
"May 25, 2026 at 18:24:20", 99
"May 25, 2026 at 18:24:21", 100
"May 25, 2026 at 18:24:22", 102
"May 25, 2026 at 18:24:23", 103
"May 25, 2026 at 18:24:24", 103
"May 25, 2026 at 18:24:25", 103
"May 25, 2026 at 18:24:26", 104
"May 25, 2026 at 18:24:27", 103
"May 25, 2026 at 18:24:28", 102
"May 25, 2026 at 18:24:29", 101
"May 25, 2026 at 18:24:30", 100
"May 25, 2026 at 18:24:31", 100
"May 25, 2026 at 18:24:32", 100
"May 25, 2026 at 18:24:33", 101
"May 25, 2026 at 18:24:34", 101
"May 25, 2026 at 18:24:35", 101
"May 25, 2026 at 18:24:36", 101
"May 25, 2026 at 18:24:37", 101
"May 25, 2026 at 18:24:38", 100
"May 25, 2026 at 18:24:39", 99
"May 25, 2026 at 18:24:40", 97
"May 25, 2026 at 18:24:41", 97
"May 25, 2026 at 18:24:42", 95
"May 25, 2026 at 18:24:43", 94
"May 25, 2026 at 18:24:44", 94
"May 25, 2026 at 18:24:45", 94
"May 25, 2026 at 18:24:46", 94
"May 25, 2026 at 18:24:47", 96
"May 25, 2026 at 18:24:48", 98
"May 25, 2026 at 18:24:49", 100
"May 25, 2026 at 18:24:50", 102
"May 25, 2026 at 18:24:51", 103
"May 25, 2026 at 18:24:52", 105
"May 25, 2026 at 18:24:53", 105
"May 25, 2026 at 18:24:54", 106
"May 25, 2026 at 18:24:55", 107
"May 25, 2026 at 18:24:56", 106
"May 25, 2026 at 18:24:57", 106
"May 25, 2026 at 18:24:58", 104
"May 25, 2026 at 18:24:59", 104
"May 25, 2026 at 18:25:00", 104
"May 25, 2026 at 18:25:01", 103
"May 25, 2026 at 18:25:02", 103
"May 25, 2026 at 18:25:03", 103
"May 25, 2026 at 18:25:04", 101
"May 25, 2026 at 18:25:05", 102
"May 25, 2026 at 18:25:06", 102
"May 25, 2026 at 18:25:07", 102
"May 25, 2026 at 18:25:08", 103
"May 25, 2026 at 18:25:09", 103
"May 25, 2026 at 18:25:10", 105
"May 25, 2026 at 18:25:11", 106
"May 25, 2026 at 18:25:12", 106
"May 25, 2026 at 18:25:13", 107
"May 25, 2026 at 18:25:14", 107
"May 25, 2026 at 18:25:15", 107
"May 25, 2026 at 18:25:16", 107
"May 25, 2026 at 18:25:17", 106
"May 25, 2026 at 18:25:18", 106
"May 25, 2026 at 18:25:19", 109
"May 25, 2026 at 18:25:20", 112
"May 25, 2026 at 18:25:21", 112
"May 25, 2026 at 18:25:22", 110
"May 25, 2026 at 18:25:23", 110
"May 25, 2026 at 18:25:24", 106
"May 25, 2026 at 18:25:25", 101
"May 25, 2026 at 18:25:26", 102
"May 25, 2026 at 18:25:27", 101
"May 25, 2026 at 18:25:28", 101
"May 25, 2026 at 18:25:29", 100
"May 25, 2026 at 18:25:30", 99
"May 25, 2026 at 18:25:31", 98
"May 25, 2026 at 18:25:32", 97
"May 25, 2026 at 18:25:33", 97
"May 25, 2026 at 18:25:34", 98
"May 25, 2026 at 18:25:35", 98
"May 25, 2026 at 18:25:36", 98
"May 25, 2026 at 18:25:37", 99
"May 25, 2026 at 18:25:38", 100
"May 25, 2026 at 18:25:39", 101
"May 25, 2026 at 18:25:40", 105
"May 25, 2026 at 18:25:41", 108
"May 25, 2026 at 18:25:42", 108
"May 25, 2026 at 18:25:43", 109
"May 25, 2026 at 18:25:44", 109
"May 25, 2026 at 18:25:45", 109
"May 25, 2026 at 18:25:46", 110
"May 25, 2026 at 18:25:47", 110
"May 25, 2026 at 18:25:48", 110
"May 25, 2026 at 18:25:49", 110
"May 25, 2026 at 18:25:50", 110
"May 25, 2026 at 18:25:51", 110
"May 25, 2026 at 18:25:52", 111
"May 25, 2026 at 18:25:53", 111
"May 25, 2026 at 18:25:54", 111
"May 25, 2026 at 18:25:55", 110
"May 25, 2026 at 18:25:56", 110
"May 25, 2026 at 18:25:57", 109
"May 25, 2026 at 18:25:58", 108
"May 25, 2026 at 18:25:59", 108
"May 25, 2026 at 18:26:00", 107
"May 25, 2026 at 18:26:01", 106
"May 25, 2026 at 18:26:02", 107
"May 25, 2026 at 18:26:03", 108
"May 25, 2026 at 18:26:04", 108
"May 25, 2026 at 18:26:05", 107
"May 25, 2026 at 18:26:06", 107
"May 25, 2026 at 18:26:07", 107
"May 25, 2026 at 18:26:08", 107
"May 25, 2026 at 18:26:09", 107
"May 25, 2026 at 18:26:10", 107
"May 25, 2026 at 18:26:11", 106
"May 25, 2026 at 18:26:12", 107
"May 25, 2026 at 18:26:13", 107
"May 25, 2026 at 18:26:14", 107
"May 25, 2026 at 18:26:15", 105
"May 25, 2026 at 18:26:16", 105
"May 25, 2026 at 18:26:17", 105
"May 25, 2026 at 18:26:18", 105
"May 25, 2026 at 18:26:19", 103
"May 25, 2026 at 18:26:20", 103
"May 25, 2026 at 18:26:21", 103
"May 25, 2026 at 18:26:22", 103
"May 25, 2026 at 18:26:23", 104
"May 25, 2026 at 18:26:24", 104
"May 25, 2026 at 18:26:25", 104
"May 25, 2026 at 18:26:26", 104
"May 25, 2026 at 18:26:27", 105
"May 25, 2026 at 18:26:28", 108
"May 25, 2026 at 18:26:29", 109
"May 25, 2026 at 18:26:30", 108
"May 25, 2026 at 18:26:31", 108
"May 25, 2026 at 18:26:32", 103
"May 25, 2026 at 18:26:33", 102
"May 25, 2026 at 18:26:34", 102
"May 25, 2026 at 18:26:35", 102
"May 25, 2026 at 18:26:36", 102
"May 25, 2026 at 18:26:37", 99
"May 25, 2026 at 18:26:38", 96
"May 25, 2026 at 18:26:39", 96
"May 25, 2026 at 18:26:40", 95
"May 25, 2026 at 18:26:41", 94
"May 25, 2026 at 18:26:42", 98
"May 25, 2026 at 18:26:43", 101
"May 25, 2026 at 18:26:44", 101
"May 25, 2026 at 18:26:45", 101
"May 25, 2026 at 18:26:46", 99
"May 25, 2026 at 18:26:47", 97
"May 25, 2026 at 18:26:48", 99
"May 25, 2026 at 18:26:49", 99
"May 25, 2026 at 18:26:50", 101
"May 25, 2026 at 18:26:51", 101
"May 25, 2026 at 18:26:52", 101
"May 25, 2026 at 18:26:53", 101
"May 25, 2026 at 18:26:54", 101
"May 25, 2026 at 18:26:55", 101
"May 25, 2026 at 18:26:56", 100
"May 25, 2026 at 18:26:57", 100
"May 25, 2026 at 18:26:58", 104
"May 25, 2026 at 18:26:59", 107
"May 25, 2026 at 18:27:00", 108
"May 25, 2026 at 18:27:01", 108
"May 25, 2026 at 18:27:02", 107
"May 25, 2026 at 18:27:03", 107
"May 25, 2026 at 18:27:04", 103
"May 25, 2026 at 18:27:05", 103
"May 25, 2026 at 18:27:06", 101
"May 25, 2026 at 18:27:07", 101
"May 25, 2026 at 18:27:08", 100
"May 25, 2026 at 18:27:09", 100
"May 25, 2026 at 18:27:10", 98
"May 25, 2026 at 18:27:11", 98
"May 25, 2026 at 18:27:12", 97
"May 25, 2026 at 18:27:13", 97
"May 25, 2026 at 18:27:14", 97
"May 25, 2026 at 18:27:15", 97
"May 25, 2026 at 18:27:16", 98
"May 25, 2026 at 18:27:17", 101
"May 25, 2026 at 18:27:18", 104
"May 25, 2026 at 18:27:19", 104
"May 25, 2026 at 18:27:20", 104
"May 25, 2026 at 18:27:21", 99
"May 25, 2026 at 18:27:22", 95
"May 25, 2026 at 18:27:23", 95
"May 25, 2026 at 18:27:24", 95
"May 25, 2026 at 18:27:25", 95
"May 25, 2026 at 18:27:26", 96
"May 25, 2026 at 18:27:27", 98
"May 25, 2026 at 18:27:28", 98
"May 25, 2026 at 18:27:29", 98
"May 25, 2026 at 18:27:30", 98
"May 25, 2026 at 18:27:31", 98
"May 25, 2026 at 18:27:32", 99
"May 25, 2026 at 18:27:33", 100
"May 25, 2026 at 18:27:34", 100
"May 25, 2026 at 18:27:35", 102
"May 25, 2026 at 18:27:36", 104
"May 25, 2026 at 18:27:37", 105
"May 25, 2026 at 18:27:38", 105
"May 25, 2026 at 18:27:39", 104
"May 25, 2026 at 18:27:40", 104
"May 25, 2026 at 18:27:41", 105
"May 25, 2026 at 18:27:42", 105
"May 25, 2026 at 18:27:43", 105
"May 25, 2026 at 18:27:44", 106
"May 25, 2026 at 18:27:45", 106
"May 25, 2026 at 18:27:46", 106
"May 25, 2026 at 18:27:47", 106
"May 25, 2026 at 18:27:48", 106
"May 25, 2026 at 18:27:49", 106
"May 25, 2026 at 18:27:50", 105
"May 25, 2026 at 18:27:51", 105
"May 25, 2026 at 18:27:52", 104
"May 25, 2026 at 18:27:53", 104
"May 25, 2026 at 18:27:54", 103
"May 25, 2026 at 18:27:55", 103
"May 25, 2026 at 18:27:56", 103
"May 25, 2026 at 18:27:57", 103
"May 25, 2026 at 18:27:58", 102
"May 25, 2026 at 18:27:59", 102
"May 25, 2026 at 18:28:00", 101
"May 25, 2026 at 18:28:01", 100
"May 25, 2026 at 18:28:02", 100
"May 25, 2026 at 18:28:03", 101
"May 25, 2026 at 18:28:04", 101
"May 25, 2026 at 18:28:05", 101
"May 25, 2026 at 18:28:06", 101
"May 25, 2026 at 18:28:07", 101
"May 25, 2026 at 18:28:08", 103
"May 25, 2026 at 18:28:09", 104
"May 25, 2026 at 18:28:10", 104
"May 25, 2026 at 18:28:11", 104
"May 25, 2026 at 18:28:12", 103
"May 25, 2026 at 18:28:13", 102
"May 25, 2026 at 18:28:14", 102
"May 25, 2026 at 18:28:15", 102
"May 25, 2026 at 18:28:16", 102
"May 25, 2026 at 18:28:17", 102
"May 25, 2026 at 18:28:18", 102
"May 25, 2026 at 18:28:19", 102
"May 25, 2026 at 18:28:20", 101
"May 25, 2026 at 18:28:21", 101
"May 25, 2026 at 18:28:22", 101
"May 25, 2026 at 18:28:23", 101
"May 25, 2026 at 18:28:24", 101
"May 25, 2026 at 18:28:25", 99
"May 25, 2026 at 18:28:26", 99
"May 25, 2026 at 18:28:27", 99
"May 25, 2026 at 18:28:28", 98
"May 25, 2026 at 18:28:29", 98
